{"cameraMode":{"drawMode":0,"name":"Shaded","section":"Shading Mode"},"sceneLighting":true,"audioPlay":false,"sceneViewState":{"showFog":true,"showMaterialUpdate":false,"showSkybox":true,"showFlares":true,"showImageEffects":true,"showParticleSystems":true},"in2DMode":false,"pivot":{"x":305.9322509765625,"y":225.90133666992188,"z":-0.75},"rotation":{"x":-0.0035983684938400985,"y":0.020105838775634767,"z":-0.00012139722821302712,"w":-0.9998359084129334},"size":610.4668579101563,"orthographic":true}